{"marcus,praetorian": [0.2979700623, 0.15616093100000003], "maximus,maximus": [0.6768358803, 0.853396439], "maximus,quintus": [2.7832067940999994, 2.4649808104], "maximus,soldier": [0.142687322, 0.204522773]}