{"soldier,soldier": [0.29027646700000004, 0.093014451], "commodus,commodus": [0.227955086, 0.564915426], "maximus,soldier": [0.5701263200000001, 0.7696002200000001], "maximus,praetorian": [3.1377658461999998, 3.8820507484999998], "marcus,praetorian": [0.2979700623, 0.15616093100000003], "proximo,proximo": [2.08612999442, 2.7755011278], "cicero,maximus": [0.219391683, 0.54779352], "quintus,valerius": [0.02782976, 0.046378233], "commodus,quintus": [0.10963473267500001, 0.2100362944], "commodus,soldier": [0.129242, 0.025138658], "falco,gaius": [0.015442431699999998, 0.016378052], "maximus,servant": [0.7943178845999999, 1.4045815469999998], "hagen,juba": [0.692063068275, 0.8350519836], "centurion,maximus": [0.08309292230000001, 0.271575997], "guard,guard": [0.1756814093, 0.38653030829999996], "juba,maximus": [3.0366018789, 2.8622603144], "hagen,maximus": [2.90618984895, 2.4416092879999995], "commodus,marcus": [1.41317978701, 3.5882767522000005], "crowd,proximo": [2.636752054115, 4.4023223243], "commodus,guard": [0.1722537773, 0.148623541], "attendant,commodus": [0.27378113, 0.141708653], "hagen,proximo": [1.1765685681, 0.906412433], "lucilla,maximus": [0.9816199529, 1.469443238], "praetorian,quintus": [0.0026070217, 0.069353523], "maximus,proximo": [1.0891159583, 1.2866007537000002], "marcus,maximus": [5.940166910550001, 8.273334851689], "crowd,maximus": [0.343283464, 0.464930346], "hagen,hagen": [2.0146295236, 1.0039795673999998], "commodus,maximus": [2.3460282103, 2.1950362013999998], "maximus,quintus": [3.142353080799999, 3.0292046894000006], "marcus,marcus": [0.6347001489999999, 0.9791202525], "guard,maximus": [1.5308978779750002, 2.8650103485], "maximus,maximus": [12.290514111135003, 17.338511358170003], "commodus,lucilla": [1.5790590329500003, 2.667122872], "juba,juba": [0.341948292, 0.422431581], "archer,maximus": [2.179922016375, 1.386847788]}