{"soldier,soldier": [0.29027646700000004, 0.093014451], "commodus,crowd": [0.36389426120000007, 0.6139588109999999], "commodus,commodus": [0.227955086, 0.564915426], "maximus,soldier": [1.3208189890000002, 1.6316310914], "maximus,praetorian": [4.246038903, 4.6064852745], "marcus,praetorian": [0.2979700623, 0.15616093100000003], "cassius,proximo": [0.32108125, 0.17753389364000002], "proximo,proximo": [2.08612999442, 2.7755011278], "commodus,lucius": [1.1478512817999997, 0.928899028], "cicero,maximus": [0.219391683, 0.54779352], "crowd,hagen": [0.403713303, 0.20515080600000002], "quintus,valerius": [0.02782976, 0.046378233], "gaius,gracchus": [0.1392357925, 0.34651317564], "commodus,quintus": [0.461938783375, 0.6518561173999999], "crowd,gaius": [0.6005789074, 0.707481747], "lucius,proximo": [0.2625049118, 0.10724864849999999], "cassius,maximus": [1.3594096919999998, 1.03119816], "lucilla,lucius": [0.52614803862, 0.7492977940000001], "commodus,soldier": [0.129242, 0.025138658], "falco,gaius": [0.015442431699999998, 0.016378052], "commodus,hagen": [0.269661283, 0.080125454], "maximus,servant": [0.7943178845999999, 1.4045815469999998], "hagen,juba": [0.692063068275, 0.8350519836], "centurion,maximus": [0.08309292230000001, 0.271575997], "guard,guard": [0.1756814093, 0.38653030829999996], "juba,maximus": [5.01764733901, 5.1236705483], "lucilla,lucilla": [0.00986387581, 0.23423865600000002], "hagen,maximus": [3.25991871295, 2.8671613539999994], "commodus,marcus": [1.41317978701, 3.5882767522000005], "commodus,gracchus": [0.7931421359, 0.758029287], "commodus,proximo": [0.1962199525, 0.15442400920000002], "crowd,proximo": [2.636752054115, 4.4023223243], "crowd,crowd": [0.5577059448, 0.59091807], "commodus,guard": [0.1722537773, 0.148623541], "attendant,commodus": [0.27378113, 0.141708653], "guard,proximo": [0.7480194586000001, 1.5747540315000002], "hagen,proximo": [1.1765685681, 0.906412433], "lucilla,maximus": [1.1516514169, 1.7226170866], "praetorian,quintus": [0.03935833800000001, 0.165702216], "maximus,proximo": [3.9188173634499996, 5.1043627193], "marcus,maximus": [5.940166910550001, 8.273334851689], "crowd,maximus": [4.7218961818, 3.2204993114000007], "hagen,hagen": [2.0146295236, 1.0039795673999998], "lucius,maximus": [0.33606660200000005, 0.5487771499999999], "commodus,maximus": [4.214086083550001, 5.436057139099999], "maximus,quintus": [3.664199476999999, 4.1604283967], "marcus,marcus": [0.6347001489999999, 0.9791202525], "guard,maximus": [1.5308978779750002, 2.8650103485], "maximus,maximus": [18.228735793435, 21.99632582657], "crowd,lucius": [0.17357225399999998, 0.3245935795], "commodus,lucilla": [3.2552107781050004, 5.75564485661], "guard,juba": [0.19898752100000003, 0.215642227], "gracchus,lucilla": [0.12272870981, 0.48274889900000006], "juba,juba": [0.341948292, 0.422431581], "archer,maximus": [2.179922016375, 1.386847788]}