{"marcus,praetorian": [0.2979700623, 0.15616093100000003], "archer,maximus": [2.179922016375, 1.386847788], "maximus,maximus": [2.5945996210999995, 2.1708720889999995], "maximus,quintus": [2.7832067940999994, 2.4649808104], "maximus,soldier": [0.38577010100000003, 0.49884838600000003]}