{"marcus,praetorian": [0.2979700623, 0.15616093100000003], "maximus,quintus": [2.0482233048, 1.4327114906]}