{"soldier,soldier": [0.29027646700000004, 0.093014451], "commodus,guard": [0.1722537773, 0.148623541], "attendant,commodus": [0.27378113, 0.141708653], "maximus,quintus": [3.101025044799999, 2.8694062364000006], "commodus,soldier": [0.129242, 0.025138658], "maximus,soldier": [0.5701263200000001, 0.7696002200000001], "lucilla,maximus": [0.9816199529, 1.469443238], "maximus,maximus": [7.162737537860001, 8.5048405633], "commodus,marcus": [1.0120100186, 2.6329894252000003], "marcus,marcus": [0.6347001489999999, 0.9791202525], "maximus,servant": [0.7943178845999999, 1.4045815469999998], "marcus,praetorian": [0.2979700623, 0.15616093100000003], "centurion,maximus": [0.08309292230000001, 0.271575997], "commodus,lucilla": [1.2828112557000002, 2.067934401], "marcus,maximus": [4.5406913936, 5.103924122289], "quintus,valerius": [0.02782976, 0.046378233], "commodus,maximus": [2.1083558173, 1.9882780554], "commodus,commodus": [0.227955086, 0.564915426], "crowd,maximus": [0.108514113, 0.22269633], "archer,maximus": [2.179922016375, 1.386847788]}