{"soldier,soldier": [0.29027646700000004, 0.093014451], "commodus,guard": [0.1722537773, 0.148623541], "attendant,commodus": [0.27378113, 0.141708653], "maximus,quintus": [2.8470040440999993, 2.4981496144000004], "commodus,soldier": [0.129242, 0.025138658], "maximus,soldier": [0.5701263200000001, 0.7696002200000001], "lucilla,maximus": [0.5602516939, 0.680460737], "maximus,maximus": [7.0415217742600005, 7.9270694318], "commodus,marcus": [0.1000467363, 0.138071025], "marcus,marcus": [0.3088627992, 0.34376214], "marcus,praetorian": [0.2979700623, 0.15616093100000003], "centurion,maximus": [0.08309292230000001, 0.271575997], "commodus,lucilla": [1.2828112557000002, 2.067934401], "marcus,maximus": [4.533555011600001, 4.941495199289], "quintus,valerius": [0.02782976, 0.046378233], "commodus,maximus": [1.7990395873, 1.7664116316999998], "commodus,commodus": [0.022440977, 0.16691251], "crowd,maximus": [0.108514113, 0.22269633], "archer,maximus": [2.179922016375, 1.386847788]}