{"soldier,soldier": [0.29027646700000004, 0.093014451], "commodus,commodus": [0.227955086, 0.564915426], "maximus,soldier": [0.5701263200000001, 0.7696002200000001], "marcus,praetorian": [0.2979700623, 0.15616093100000003], "cicero,maximus": [0.048668219, 0.20663023100000003], "quintus,valerius": [0.02782976, 0.046378233], "commodus,quintus": [0.10963473267500001, 0.2100362944], "commodus,soldier": [0.129242, 0.025138658], "falco,gaius": [0.0048399027, 0.002524262], "maximus,servant": [0.7943178845999999, 1.4045815469999998], "centurion,maximus": [0.08309292230000001, 0.271575997], "commodus,marcus": [1.41317978701, 3.5882767522000005], "commodus,guard": [0.1722537773, 0.148623541], "attendant,commodus": [0.27378113, 0.141708653], "lucilla,maximus": [0.9816199529, 1.469443238], "marcus,maximus": [4.686314873050001, 5.5553217452890005], "crowd,maximus": [0.108514113, 0.22269633], "commodus,maximus": [2.3460282103, 2.1950362013999998], "maximus,quintus": [3.101025044799999, 2.8694062364000006], "marcus,marcus": [0.6347001489999999, 0.9791202525], "maximus,maximus": [7.52321632856, 8.88010217902], "commodus,lucilla": [1.5790590329500003, 2.667122872], "archer,maximus": [2.179922016375, 1.386847788]}