{"soldier,soldier": [0.29027646700000004, 0.093014451], "commodus,commodus": [0.227955086, 0.564915426], "maximus,soldier": [0.5701263200000001, 0.7696002200000001], "maximus,praetorian": [3.1377658461999998, 3.8820507484999998], "marcus,praetorian": [0.2979700623, 0.15616093100000003], "cicero,maximus": [0.219391683, 0.54779352], "quintus,valerius": [0.02782976, 0.046378233], "commodus,quintus": [0.10963473267500001, 0.2100362944], "commodus,soldier": [0.129242, 0.025138658], "falco,gaius": [0.015442431699999998, 0.016378052], "maximus,servant": [0.7943178845999999, 1.4045815469999998], "centurion,maximus": [0.08309292230000001, 0.271575997], "guard,guard": [0.1756814093, 0.38653030829999996], "commodus,marcus": [1.41317978701, 3.5882767522000005], "commodus,guard": [0.1722537773, 0.148623541], "attendant,commodus": [0.27378113, 0.141708653], "lucilla,maximus": [0.9816199529, 1.469443238], "praetorian,quintus": [0.0026070217, 0.069353523], "marcus,maximus": [5.940166910550001, 8.273334851689], "crowd,maximus": [0.108514113, 0.22269633], "commodus,maximus": [2.3460282103, 2.1950362013999998], "maximus,quintus": [3.142353080799999, 3.0292046894000006], "marcus,marcus": [0.6347001489999999, 0.9791202525], "guard,maximus": [1.5308978779750002, 2.8650103485], "maximus,maximus": [10.353643824535004, 14.728619706769999], "commodus,lucilla": [1.5790590329500003, 2.667122872], "archer,maximus": [2.179922016375, 1.386847788]}