{"soldier,soldier": [0.29027646700000004, 0.093014451], "commodus,commodus": [0.227955086, 0.564915426], "maximus,soldier": [1.3208189890000002, 1.6316310914], "maximus,praetorian": [3.1377658461999998, 3.8820507484999998], "marcus,praetorian": [0.2979700623, 0.15616093100000003], "cassius,proximo": [0.32108125, 0.17753389364000002], "proximo,proximo": [2.08612999442, 2.7755011278], "commodus,lucius": [0.360417534, 0.19566393399999998], "cicero,maximus": [0.219391683, 0.54779352], "quintus,valerius": [0.02782976, 0.046378233], "gaius,gracchus": [0.1392357925, 0.34651317564], "commodus,quintus": [0.10963473267500001, 0.2100362944], "crowd,gaius": [0.6005789074, 0.707481747], "lucius,proximo": [0.2625049118, 0.10724864849999999], "lucilla,lucius": [0.52614803862, 0.7492977940000001], "commodus,soldier": [0.129242, 0.025138658], "falco,gaius": [0.015442431699999998, 0.016378052], "maximus,servant": [0.7943178845999999, 1.4045815469999998], "hagen,juba": [0.692063068275, 0.8350519836], "centurion,maximus": [0.08309292230000001, 0.271575997], "guard,guard": [0.1756814093, 0.38653030829999996], "juba,maximus": [4.783784253009999, 4.8973422143], "lucilla,lucilla": [0.00986387581, 0.23423865600000002], "hagen,maximus": [2.90618984895, 2.4416092879999995], "commodus,marcus": [1.41317978701, 3.5882767522000005], "commodus,gracchus": [0.7931421359, 0.758029287], "crowd,proximo": [2.636752054115, 4.4023223243], "crowd,crowd": [0.11797031, 0.050325919999999996], "commodus,guard": [0.1722537773, 0.148623541], "attendant,commodus": [0.27378113, 0.141708653], "guard,proximo": [0.7480194586000001, 1.5747540315000002], "hagen,proximo": [1.1765685681, 0.906412433], "lucilla,maximus": [0.9816199529, 1.469443238], "praetorian,quintus": [0.0026070217, 0.069353523], "maximus,proximo": [3.3065982017999995, 3.6985533053000004], "marcus,maximus": [5.940166910550001, 8.273334851689], "crowd,maximus": [3.1835598615, 2.1822970004], "hagen,hagen": [2.0146295236, 1.0039795673999998], "lucius,maximus": [0.33606660200000005, 0.5487771499999999], "commodus,maximus": [2.7406896853, 2.4960851953999996], "maximus,quintus": [3.142353080799999, 3.0292046894000006], "marcus,marcus": [0.6347001489999999, 0.9791202525], "guard,maximus": [1.5308978779750002, 2.8650103485], "maximus,maximus": [14.085904359135002, 18.909330774570005], "crowd,lucius": [0.17357225399999998, 0.3245935795], "commodus,lucilla": [2.131286820955, 3.90683377661], "guard,juba": [0.19898752100000003, 0.215642227], "gracchus,lucilla": [0.12272870981, 0.48274889900000006], "juba,juba": [0.341948292, 0.422431581], "archer,maximus": [2.179922016375, 1.386847788]}