{"marcus,praetorian": [0.2979700623, 0.15616093100000003], "archer,maximus": [2.179922016375, 1.386847788], "maximus,maximus": [1.0518216013, 1.3129609319999997], "maximus,quintus": [2.7832067940999994, 2.4649808104], "maximus,soldier": [0.142687322, 0.204522773]}