{"cicero,crowd": [0.6063172817, 0.6685488259999999], "soldier,soldier": [0.29027646700000004, 0.093014451], "commodus,crowd": [0.36389426120000007, 0.6139588109999999], "commodus,commodus": [0.6154846223000001, 1.0359047045], "maximus,soldier": [1.3208189890000002, 1.6316310914], "maximus,praetorian": [4.3841735834, 4.8201395155], "marcus,praetorian": [0.2979700623, 0.15616093100000003], "cassius,proximo": [0.32108125, 0.17753389364000002], "proximo,proximo": [2.08612999442, 2.7755011278], "commodus,lucius": [1.1478512817999997, 0.928899028], "cicero,maximus": [1.9297142870750001, 4.282651195500001], "crowd,hagen": [0.403713303, 0.20515080600000002], "quintus,valerius": [0.02782976, 0.046378233], "cassius,crowd": [1.2196736543, 0.758173389], "gaius,gracchus": [0.1392357925, 0.34651317564], "commodus,quintus": [0.461938783375, 0.6518561173999999], "crowd,gaius": [0.6005789074, 0.707481747], "lucius,proximo": [0.2625049118, 0.10724864849999999], "cassius,maximus": [2.011382280275, 1.629850786], "lucilla,lucius": [0.52614803862, 0.7492977940000001], "commodus,soldier": [0.129242, 0.025138658], "falco,gaius": [0.015442431699999998, 0.016378052], "commodus,hagen": [0.269661283, 0.080125454], "maximus,servant": [0.7943178845999999, 1.4045815469999998], "hagen,juba": [0.692063068275, 0.8350519836], "centurion,maximus": [0.08309292230000001, 0.271575997], "guard,guard": [0.1756814093, 0.38653030829999996], "juba,maximus": [6.48458244736, 7.8151649142499995], "lucilla,lucilla": [0.00986387581, 0.23423865600000002], "hagen,maximus": [3.41806540755, 3.2200566159999995], "commodus,marcus": [1.41317978701, 3.5882767522000005], "commodus,gracchus": [0.7931421359, 0.758029287], "commodus,proximo": [0.1962199525, 0.15442400920000002], "crowd,proximo": [2.636752054115, 4.4023223243], "crowd,crowd": [0.7596824678, 0.730633283], "commodus,guard": [0.1722537773, 0.148623541], "attendant,commodus": [0.27378113, 0.141708653], "guard,proximo": [0.7480194586000001, 1.5747540315000002], "hagen,proximo": [1.1765685681, 0.906412433], "lucilla,maximus": [2.19338778211, 2.7338241446000002], "praetorian,quintus": [0.03935833800000001, 0.165702216], "maximus,proximo": [4.71464868145, 5.4042291573], "marcus,maximus": [5.940166910550001, 8.273334851689], "commodus,falco": [0.32932420500000004, 0.615542645], "crowd,maximus": [6.8172977369000005, 5.3155546234000015], "hagen,hagen": [2.25632222106, 1.1813198334], "lucius,maximus": [0.33606660200000005, 0.5487771499999999], "commodus,maximus": [5.924335520550001, 7.033830521399998], "maximus,quintus": [3.664199476999999, 4.1604283967], "marcus,marcus": [0.6347001489999999, 0.9791202525], "guard,maximus": [2.018985428275, 3.5642270314999998], "maximus,maximus": [23.194635121264998, 26.799557062570006], "crowd,lucius": [0.17357225399999998, 0.3245935795], "cicero,lucilla": [0.254791015, 0.714322639], "commodus,lucilla": [3.3748668771050006, 5.99190109761], "guard,juba": [0.19898752100000003, 0.215642227], "gracchus,lucilla": [0.12272870981, 0.48274889900000006], "juba,juba": [0.48963688055, 0.809508007], "archer,maximus": [2.179922016375, 1.386847788]}