{"soldier,soldier": [0.29027646700000004, 0.093014451], "maximus,quintus": [2.7832067940999994, 2.4649808104], "maximus,soldier": [0.45740831000000004, 0.581063616], "maximus,maximus": [6.04157457896, 5.492047669], "marcus,praetorian": [0.2979700623, 0.15616093100000003], "centurion,maximus": [0.08309292230000001, 0.271575997], "marcus,maximus": [0.2310797083, 0.264194661], "archer,maximus": [2.179922016375, 1.386847788]}