{"cicero,crowd": [0.6063172817, 0.6685488259999999], "soldier,soldier": [0.29027646700000004, 0.093014451], "commodus,crowd": [0.36389426120000007, 0.6139588109999999], "commodus,commodus": [2.8807585389000003, 4.4228013290799995], "praetorian,proximo": [1.259006538, 1.36704202], "maximus,soldier": [1.3208189890000002, 1.6316310914], "maximus,praetorian": [4.4702293984, 5.0996061905], "lucilla,proximo": [0.122974811, 0.2138124485], "marcus,praetorian": [0.2979700623, 0.15616093100000003], "cassius,proximo": [0.32108125, 0.17753389364000002], "proximo,proximo": [2.16546171212, 2.8195015528000003], "commodus,lucius": [1.4067623954, 1.4864866061099997], "cicero,maximus": [2.722300489075, 4.7479432655], "crowd,hagen": [0.403713303, 0.20515080600000002], "quintus,valerius": [0.02782976, 0.046378233], "cassius,crowd": [1.2196736543, 0.758173389], "lucilla,servant": [0.222649185, 0.46592384100000006], "gaius,gracchus": [0.1392357925, 0.34651317564], "commodus,quintus": [0.76610242135, 1.09009562984], "crowd,gaius": [0.6005789074, 0.707481747], "gracchus,proximo": [0.147448071, 0.4764869495], "lucius,proximo": [0.2625049118, 0.10724864849999999], "cassius,maximus": [2.011382280275, 1.629850786], "lucilla,lucius": [0.75732942862, 1.0599054150000002], "commodus,soldier": [0.129242, 0.025138658], "gracchus,maximus": [0.0770295885, 0.08358552600000001], "falco,gaius": [0.015442431699999998, 0.016378052], "crowd,gracchus": [0.4792015641, 0.3996260095], "lucius,lucius": [0.19032680200000002, 0.21343496700000003], "commodus,hagen": [0.269661283, 0.080125454], "maximus,servant": [0.7943178845999999, 1.4045815469999998], "hagen,juba": [0.692063068275, 0.8350519836], "centurion,maximus": [0.08309292230000001, 0.271575997], "guard,guard": [0.1756814093, 0.38653030829999996], "juba,maximus": [7.176923712465, 9.65546318825], "lucilla,lucilla": [0.94223572571, 1.618770263], "hagen,maximus": [3.54450569755, 3.2916892059999996], "commodus,marcus": [1.41317978701, 3.5882767522000005], "commodus,gracchus": [0.7931421359, 0.758029287], "commodus,proximo": [0.1962199525, 0.15442400920000002], "crowd,proximo": [2.636752054115, 4.4023223243], "crowd,crowd": [0.7596824678, 0.730633283], "cicero,praetorian": [0.38372360099999997, 0.2664567488], "commodus,guard": [0.1722537773, 0.148623541], "attendant,commodus": [0.27378113, 0.141708653], "praetorian,servant": [0.19118588, 0.2709249835], "guard,proximo": [0.7480194586000001, 1.5747540315000002], "hagen,proximo": [1.1765685681, 0.906412433], "proximo,soldier": [0.2544953129, 0.366774566], "commodus,praetorian": [0.24885991469999996, 0.27496940000000003], "lucilla,maximus": [3.382955065759999, 4.8939349742000005], "praetorian,quintus": [0.5802807289999999, 0.5268354150000001], "maximus,proximo": [6.434386744925, 7.5049762378], "marcus,maximus": [5.940166910550001, 8.273334851689], "commodus,falco": [0.8418222537, 0.9234880445], "crowd,maximus": [7.204816226, 5.622094477000002], "hagen,hagen": [2.25632222106, 1.1813198334], "lucius,maximus": [0.45437878000000004, 0.6958612019999999], "commodus,maximus": [9.999082414150001, 11.725274719099998], "maximus,quintus": [4.948700270049998, 6.044808521699999], "marcus,marcus": [0.6347001489999999, 0.9791202525], "cicero,cicero": [0.1416831533, 0.232783445], "guard,maximus": [2.018985428275, 3.5642270314999998], "maximus,maximus": [24.269410680165, 28.480984468570007], "crowd,lucius": [0.17357225399999998, 0.3245935795], "cassius,cicero": [0.573539877, 0.9882692255000001], "gaius,praetorian": [0.27657216700000004, 0.47274408510000004], "cicero,lucilla": [0.45048823112499997, 1.3418704515000002], "commodus,lucilla": [4.755076307515001, 7.816267567429999], "guard,juba": [0.19898752100000003, 0.215642227], "gracchus,lucilla": [0.12898019651, 0.5275801990000001], "juba,juba": [0.48963688055, 0.809508007], "gracchus,juba": [0.019181035, 0.18458545], "archer,maximus": [2.179922016375, 1.386847788]}