{"soldier,soldier": {"anger": 0.0, "posemo": 0.0, "sexual": 0.0, "negemo": 0.0, "sad": 0.0}, "maximus,valerius": {"anger": 0.06666666666666667, "posemo": 0.0, "sexual": 0.0, "negemo": 0.06666666666666667, "sad": 0.0}, "commodus,commodus": {"anger": 0.0, "posemo": 0.09646302250803858, "sexual": 0.02572347266881029, "negemo": 0.006430868167202572, "sad": 0.0}, "maximus,soldier": {"anger": 0.0, "posemo": 0.14285714285714285, "sexual": 0.0, "negemo": 0.0, "sad": 0.0}, "cicero,maximus": {"anger": 0.02040816326530612, "posemo": 0.04081632653061224, "sexual": 0.0, "negemo": 0.061224489795918366, "sad": 0.0}, "lucilla,proximo": {"anger": 0.0, "posemo": 0.0, "sexual": 0.0, "negemo": 0.0, "sad": 0.0}, "proximo,proximo": {"anger": 0.01015228426395939, "posemo": 0.07106598984771574, "sexual": 0.0, "negemo": 0.030456852791878174, "sad": 0.01015228426395939}, "commodus,lucius": {"anger": 0.02127659574468085, "posemo": 0.0851063829787234, "sexual": 0.031914893617021274, "negemo": 0.02127659574468085, "sad": 0.0}, "maximus,praetorian": {"anger": 0.0, "posemo": 0.0, "sexual": 0.0, "negemo": 0.0, "sad": 0.0}, "lucilla,servant": {"anger": 0.0, "posemo": 0.0, "sexual": 0.0, "negemo": 0.0, "sad": 0.0}, "hagen,juba": {"anger": 0.0, "posemo": 0.0, "sexual": 0.0, "negemo": 0.0, "sad": 0.0}, "juba,maximus": {"anger": 0.03389830508474576, "posemo": 0.03389830508474576, "sexual": 0.0, "negemo": 0.03389830508474576, "sad": 0.0}, "commodus,gracchus": {"anger": 0.0, "posemo": 0.043010752688172046, "sexual": 0.010752688172043012, "negemo": 0.03225806451612903, "sad": 0.0}, "lucilla,maximus": {"anger": 0.00949367088607595, "posemo": 0.08544303797468354, "sexual": 0.015822784810126583, "negemo": 0.05379746835443038, "sad": 0.028481012658227847}, "maximus,proximo": {"anger": 0.041916167664670656, "posemo": 0.1377245508982036, "sexual": 0.011976047904191617, "negemo": 0.04790419161676647, "sad": 0.0}, "marcus,maximus": {"anger": 0.02973977695167286, "posemo": 0.05204460966542751, "sexual": 0.0, "negemo": 0.03717472118959108, "sad": 0.0037174721189591076}, "crowd,maximus": {"anger": 0.0, "posemo": 0.0, "sexual": 0.0, "negemo": 0.0, "sad": 0.0}, "commodus,maximus": {"anger": 0.027906976744186046, "posemo": 0.06046511627906977, "sexual": 0.004651162790697674, "negemo": 0.06046511627906977, "sad": 0.009302325581395349}, "maximus,quintus": {"anger": 0.012195121951219513, "posemo": 0.12195121951219512, "sexual": 0.012195121951219513, "negemo": 0.012195121951219513, "sad": 0.0}, "marcus,marcus": {"anger": 0.0, "posemo": 0.1935483870967742, "sexual": 0.03225806451612903, "negemo": 0.03225806451612903, "sad": 0.0}, "guard,maximus": {"anger": 0.0, "posemo": 0.0, "sexual": 0.0, "negemo": 0.0, "sad": 0.0}, "maximus,maximus": {"anger": 0.03225806451612903, "posemo": 0.1032258064516129, "sexual": 0.0, "negemo": 0.04516129032258064, "sad": 0.0}, "commodus,lucilla": {"anger": 0.007782101167315175, "posemo": 0.09727626459143969, "sexual": 0.0311284046692607, "negemo": 0.0311284046692607, "sad": 0.007782101167315175}, "juba,juba": {"anger": 0.4, "posemo": 0.0, "sexual": 0.0, "negemo": 0.4, "sad": 0.0}}