{"marcus": {"anger": 0.017361111111111112, "posemo": 0.09375, "sexual": 0.013888888888888888, "negemo": 0.041666666666666664, "sad": 0.013888888888888888}, "crowd": {"anger": 0.0, "posemo": 0.15384615384615385, "sexual": 0.0, "negemo": 0.0, "sad": 0.0}, "commodus": {"anger": 0.013301088270858524, "posemo": 0.094316807738815, "sexual": 0.02418379685610641, "negemo": 0.03143893591293833, "sad": 0.006045949214026602}, "hagen": {"anger": 0.10256410256410256, "posemo": 0.10256410256410256, "sexual": 0.0, "negemo": 0.10256410256410256, "sad": 0.0}, "cassius": {"anger": 0.04807692307692308, "posemo": 0.028846153846153848, "sexual": 0.0, "negemo": 0.04807692307692308, "sad": 0.0}, "cicero": {"anger": 0.0, "posemo": 0.018867924528301886, "sexual": 0.0, "negemo": 0.03773584905660377, "sad": 0.0}, "juba": {"anger": 0.08333333333333333, "posemo": 0.041666666666666664, "sexual": 0.0, "negemo": 0.09722222222222222, "sad": 0.013888888888888888}, "lucilla": {"anger": 0.0025188916876574307, "posemo": 0.08060453400503778, "sexual": 0.015113350125944584, "negemo": 0.037783375314861464, "sad": 0.017632241813602016}, "proximo": {"anger": 0.018404907975460124, "posemo": 0.0950920245398773, "sexual": 0.009202453987730062, "negemo": 0.03067484662576687, "sad": 0.003067484662576687}, "soldier": {"anger": 0.0, "posemo": 0.05555555555555555, "sexual": 0.0, "negemo": 0.0, "sad": 0.0}, "guard": {"anger": 0.0, "posemo": 0.0, "sexual": 0.0, "negemo": 0.0, "sad": 0.0}, "maximus": {"anger": 0.028183716075156576, "posemo": 0.0511482254697286, "sexual": 0.003131524008350731, "negemo": 0.04697286012526096, "sad": 0.010438413361169102}, "falco": {"anger": 0.014705882352941176, "posemo": 0.10294117647058823, "sexual": 0.0, "negemo": 0.014705882352941176, "sad": 0.0}, "servant": {"anger": 0.0, "posemo": 0.0, "sexual": 0.0, "negemo": 0.0, "sad": 0.0}, "gracchus": {"anger": 0.006134969325153374, "posemo": 0.06748466257668712, "sexual": 0.006134969325153374, "negemo": 0.024539877300613498, "sad": 0.0}, "attendant": {"anger": 0.0, "posemo": 0.0, "sexual": 0.0, "negemo": 0.0, "sad": 0.0}, "lucius": {"anger": 0.017241379310344827, "posemo": 0.1206896551724138, "sexual": 0.017241379310344827, "negemo": 0.017241379310344827, "sad": 0.0}, "centurion": {"anger": 0.0, "posemo": 0.0, "sexual": 0.0, "negemo": 0.0, "sad": 0.0}, "quintus": {"anger": 0.0273972602739726, "posemo": 0.0684931506849315, "sexual": 0.0136986301369863, "negemo": 0.0410958904109589, "sad": 0.0}, "praetorian": {"anger": 0.058823529411764705, "posemo": 0.0, "sexual": 0.0, "negemo": 0.058823529411764705, "sad": 0.0}}